{"stats":{"minecraft:killed":{"illageandspillage:igniter":1},"minecraft:picked_up":{"illageandspillage:totem_of_banishment":1},"minecraft:mined":{"minecraft:grass":1},"minecraft:custom":{"minecraft:jump":19,"minecraft:time_since_rest":27601,"minecraft:damage_dealt":188,"minecraft:crouch_one_cm":1000,"minecraft:sprint_one_cm":3135,"minecraft:walk_one_cm":8758,"minecraft:play_time":28829,"minecraft:damage_taken":370,"minecraft:time_since_death":27571,"minecraft:deaths":1,"minecraft:sneak_time":502,"minecraft:total_world_time":28829,"minecraft:mob_kills":1,"minecraft:drop":1,"minecraft:fall_one_cm":4252,"minecraft:fly_one_cm":6228},"minecraft:used":{"minecraft:netherite_sword":2,"minecraft:sand":2,"illageandspillage:spellbound_book":28,"illageandspillage:igniter_spawn_egg":1},"minecraft:dropped":{"illageandspillage:spellbound_book":1}},"DataVersion":3465}