{"stats":{"minecraft:killed":{"illageandspillage:freakager":1,"illageandspillage:igniter":1,"illageandspillage:trick_or_treat":11,"illageandspillage:absorber":1},"minecraft:picked_up":{"minecraft:water_bucket":1,"minecraft:kelp":1,"illageandspillage:totem_of_banishment":1},"minecraft:mined":{"minecraft:grass":1},"minecraft:custom":{"minecraft:time_since_rest":51601,"minecraft:damage_absorbed":584,"minecraft:crouch_one_cm":1439,"minecraft:deaths":1,"minecraft:play_time":52829,"minecraft:sprint_one_cm":30024,"minecraft:damage_taken":1780,"minecraft:walk_one_cm":42517,"minecraft:sneak_time":844,"minecraft:walk_under_water_one_cm":12939,"minecraft:mob_kills":16,"minecraft:drop":1,"minecraft:jump":352,"minecraft:damage_dealt":5953,"minecraft:walk_on_water_one_cm":5707,"minecraft:time_since_death":51571,"minecraft:total_world_time":52829,"minecraft:swim_one_cm":1372,"minecraft:fall_one_cm":22714,"minecraft:fly_one_cm":89531,"minecraft:damage_blocked_by_shield":550},"minecraft:used":{"minecraft:water_bucket":1,"minecraft:golden_apple":15,"minecraft:netherite_sword":5,"illageandspillage:absorber_spawn_egg":1,"minecraft:diamond_sword":165,"minecraft:sand":2,"minecraft:bucket":1,"minecraft:shield":11,"illageandspillage:spellbound_book":28,"illageandspillage:igniter_spawn_egg":1},"minecraft:dropped":{"illageandspillage:spellbound_book":1}},"DataVersion":3465}