{"stats":{"minecraft:broken":{"minecraft:shield":2},"minecraft:killed":{"illageandspillage:ragno":1,"illageandspillage:igniter":1,"illageandspillage:freakager":1,"illageandspillage:magispeller":1,"illageandspillage:illashooter":1,"illageandspillage:absorber":1,"illageandspillage:trick_or_treat":14,"illageandspillage:dispenser":1},"minecraft:killed_by":{"illageandspillage:illager_soul":1},"minecraft:picked_up":{"minecraft:water_bucket":1,"minecraft:shield":4,"illageandspillage:bag_of_horrors":1,"minecraft:kelp":1,"minecraft:golden_apple":128,"illageandspillage:totem_of_banishment":2},"minecraft:mined":{"minecraft:grass":1},"minecraft:custom":{"minecraft:time_since_rest":1259,"minecraft:walk_one_cm":79502,"minecraft:sprint_one_cm":62943,"minecraft:damage_taken":4184,"minecraft:damage_absorbed":1518,"minecraft:damage_blocked_by_shield":6095,"minecraft:mob_kills":30,"minecraft:drop":1,"minecraft:damage_dealt":12937,"minecraft:swim_one_cm":1372,"minecraft:fly_one_cm":216889,"minecraft:crouch_one_cm":1644,"minecraft:play_time":64829,"minecraft:deaths":3,"minecraft:sneak_time":1000,"minecraft:walk_under_water_one_cm":20623,"minecraft:jump":733,"minecraft:time_since_death":1233,"minecraft:walk_on_water_one_cm":6010,"minecraft:total_world_time":64829,"minecraft:fall_one_cm":30582},"minecraft:used":{"illageandspillage:illashooter_spawn_egg":1,"minecraft:netherite_sword":5,"minecraft:water_bucket":1,"illageandspillage:absorber_spawn_egg":1,"illageandspillage:ragno_spawn_egg":1,"minecraft:shield":134,"illageandspillage:spellbound_book":28,"illageandspillage:igniter_spawn_egg":1,"minecraft:golden_apple":41,"minecraft:diamond_sword":280,"minecraft:sand":2,"minecraft:bow":27,"minecraft:bucket":1},"minecraft:dropped":{"illageandspillage:spellbound_book":1}},"DataVersion":3465}