{"stats":{"minecraft:killed":{"illageandspillage:igniter":1},"minecraft:picked_up":{"illageandspillage:totem_of_banishment":1},"minecraft:mined":{"minecraft:grass":1},"minecraft:custom":{"minecraft:time_since_rest":39601,"minecraft:crouch_one_cm":1000,"minecraft:deaths":1,"minecraft:play_time":40829,"minecraft:sprint_one_cm":3135,"minecraft:damage_taken":370,"minecraft:walk_one_cm":8758,"minecraft:sneak_time":624,"minecraft:walk_under_water_one_cm":4112,"minecraft:mob_kills":1,"minecraft:drop":1,"minecraft:jump":34,"minecraft:damage_dealt":188,"minecraft:walk_on_water_one_cm":3118,"minecraft:time_since_death":39571,"minecraft:total_world_time":40829,"minecraft:fall_one_cm":4252,"minecraft:fly_one_cm":10507},"minecraft:used":{"minecraft:netherite_sword":2,"minecraft:sand":2,"illageandspillage:spellbound_book":28,"illageandspillage:igniter_spawn_egg":1},"minecraft:dropped":{"illageandspillage:spellbound_book":1}},"DataVersion":3465}