{"stats":{"minecraft:killed":{"illageandspillage:igniter":1},"minecraft:picked_up":{"illageandspillage:totem_of_banishment":1},"minecraft:mined":{"minecraft:grass":1},"minecraft:custom":{"minecraft:jump":16,"minecraft:time_since_rest":15601,"minecraft:damage_dealt":188,"minecraft:crouch_one_cm":170,"minecraft:sprint_one_cm":2953,"minecraft:walk_one_cm":7913,"minecraft:play_time":16829,"minecraft:damage_taken":370,"minecraft:time_since_death":15571,"minecraft:deaths":1,"minecraft:sneak_time":138,"minecraft:total_world_time":16829,"minecraft:mob_kills":1,"minecraft:drop":1,"minecraft:fall_one_cm":4252,"minecraft:fly_one_cm":3825},"minecraft:used":{"minecraft:netherite_sword":2,"minecraft:sand":2,"illageandspillage:spellbound_book":28,"illageandspillage:igniter_spawn_egg":1},"minecraft:dropped":{"illageandspillage:spellbound_book":1}},"DataVersion":3465}