{"stats":{"minecraft:broken":{"minecraft:shield":1},"minecraft:killed":{"illageandspillage:ragno":3,"illageandspillage:freakager":1,"illageandspillage:magispeller":1,"illageandspillage:illashooter":9,"illageandspillage:absorber":1,"minecraft:vindicator":1,"illageandspillage:dispenser":1,"illageandspillage:crocofang":1,"illageandspillage:igniter":1},"minecraft:killed_by":{"illageandspillage:magispeller":1,"illageandspillage:igniter":1},"minecraft:picked_up":{"minecraft:shield":1,"illageandspillage:bag_of_horrors":1,"minecraft:kelp":1,"illageandspillage:spellbound_book":1,"illageandspillage:totem_of_banishment":1,"illageandspillage:freaky_disc":1},"minecraft:mined":{"minecraft:kelp":2},"minecraft:custom":{"minecraft:time_since_rest":1259,"minecraft:sprint_one_cm":37694,"minecraft:damage_taken":3576,"minecraft:walk_one_cm":85285,"minecraft:damage_absorbed":1147,"minecraft:damage_blocked_by_shield":5950,"minecraft:mob_kills":20,"minecraft:drop":23,"minecraft:damage_dealt":12909,"minecraft:damage_dealt_absorbed":2,"minecraft:swim_one_cm":7474,"minecraft:fly_one_cm":241251,"minecraft:crouch_one_cm":10664,"minecraft:play_time":63589,"minecraft:deaths":3,"minecraft:sneak_time":4652,"minecraft:walk_under_water_one_cm":34111,"minecraft:jump":446,"minecraft:walk_on_water_one_cm":21872,"minecraft:time_since_death":1229,"minecraft:total_world_time":63589,"minecraft:fall_one_cm":22313},"minecraft:used":{"illageandspillage:twittollager_spawn_egg":2,"illageandspillage:freakager_spawn_egg":3,"illageandspillage:illashooter_spawn_egg":2,"minecraft:water_bucket":20,"illageandspillage:absorber_spawn_egg":3,"minecraft:iron_bars":349,"illageandspillage:spiritcaller_spawn_egg":4,"illageandspillage:ragno_spawn_egg":3,"minecraft:grass_block":255,"minecraft:chorus_fruit":1,"minecraft:shield":150,"illageandspillage:spellbound_book":1,"illageandspillage:igniter_spawn_egg":1,"illageandspillage:crocofang_spawn_egg":1,"minecraft:golden_apple":35,"minecraft:diamond_sword":372,"minecraft:sand":3,"minecraft:dirt":16,"minecraft:cobblestone":93,"minecraft:bucket":20,"minecraft:smooth_stone":268,"illageandspillage:magispeller_spawn_egg":2},"minecraft:dropped":{"minecraft:shield":13,"minecraft:golden_apple":128,"minecraft:water_bucket":1}},"DataVersion":3465}