{"stats":{"minecraft:killed_by":{"illageandspillage:igniter":1},"minecraft:picked_up":{"illageandspillage:spellbound_book":1},"minecraft:custom":{"minecraft:jump":59,"minecraft:time_since_rest":1493,"minecraft:deaths":1,"minecraft:damage_dealt":52,"minecraft:crouch_one_cm":583,"minecraft:walk_on_water_one_cm":394,"minecraft:sprint_one_cm":3949,"minecraft:play_time":3589,"minecraft:damage_taken":415,"minecraft:time_since_death":1468,"minecraft:walk_one_cm":7526,"minecraft:sneak_time":355,"minecraft:total_world_time":3589,"minecraft:walk_under_water_one_cm":788,"minecraft:swim_one_cm":1023,"minecraft:fall_one_cm":209,"minecraft:fly_one_cm":6036},"minecraft:used":{"minecraft:sand":3,"illageandspillage:spellbound_book":1}},"DataVersion":3465}