{"stats":{"minecraft:broken":{"minecraft:shield":1},"minecraft:killed":{"illageandspillage:ragno":3,"illageandspillage:freakager":1,"illageandspillage:magispeller":1,"illageandspillage:illashooter":9,"illageandspillage:absorber":1,"minecraft:vindicator":1,"illageandspillage:dispenser":1,"illageandspillage:crocofang":1,"illageandspillage:igniter":1},"minecraft:killed_by":{"illageandspillage:magispeller":1,"illageandspillage:igniter":1},"minecraft:picked_up":{"minecraft:shield":1,"illageandspillage:bag_of_horrors":1,"minecraft:kelp":1,"illageandspillage:spellbound_book":1,"illageandspillage:totem_of_banishment":1,"illageandspillage:freaky_disc":1},"minecraft:mined":{"minecraft:kelp":2},"minecraft:custom":{"minecraft:time_since_rest":26445,"minecraft:sprint_one_cm":35814,"minecraft:damage_taken":3576,"minecraft:walk_one_cm":79443,"minecraft:damage_absorbed":1147,"minecraft:damage_blocked_by_shield":5950,"minecraft:mob_kills":20,"minecraft:drop":2,"minecraft:damage_dealt":12879,"minecraft:damage_dealt_absorbed":2,"minecraft:swim_one_cm":7474,"minecraft:fly_one_cm":191919,"minecraft:crouch_one_cm":9881,"minecraft:play_time":51589,"minecraft:deaths":2,"minecraft:sneak_time":4091,"minecraft:walk_under_water_one_cm":33418,"minecraft:jump":432,"minecraft:walk_on_water_one_cm":21832,"minecraft:time_since_death":26414,"minecraft:total_world_time":51589,"minecraft:fall_one_cm":22313},"minecraft:used":{"illageandspillage:twittollager_spawn_egg":1,"illageandspillage:freakager_spawn_egg":2,"illageandspillage:illashooter_spawn_egg":1,"minecraft:water_bucket":20,"illageandspillage:absorber_spawn_egg":1,"minecraft:iron_bars":349,"illageandspillage:ragno_spawn_egg":2,"minecraft:grass_block":252,"minecraft:shield":150,"illageandspillage:spellbound_book":1,"illageandspillage:igniter_spawn_egg":1,"illageandspillage:crocofang_spawn_egg":1,"minecraft:golden_apple":35,"minecraft:diamond_sword":372,"minecraft:sand":3,"minecraft:dirt":16,"minecraft:cobblestone":93,"minecraft:bucket":20,"minecraft:smooth_stone":268,"illageandspillage:magispeller_spawn_egg":1},"minecraft:dropped":{"minecraft:shield":1,"minecraft:water_bucket":1}},"DataVersion":3465}