{"stats":{"minecraft:broken":{"minecraft:shield":1},"minecraft:killed":{"illageandspillage:ragno":1,"illageandspillage:freakager":1,"illageandspillage:magispeller":1,"illageandspillage:illashooter":9,"illageandspillage:dispenser":1},"minecraft:killed_by":{"illageandspillage:magispeller":1,"illageandspillage:igniter":1},"minecraft:picked_up":{"illageandspillage:spellbound_book":1,"minecraft:shield":1,"illageandspillage:totem_of_banishment":1},"minecraft:custom":{"minecraft:damage_absorbed":321,"minecraft:time_since_rest":2445,"minecraft:crouch_one_cm":7031,"minecraft:play_time":27589,"minecraft:sprint_one_cm":20341,"minecraft:walk_one_cm":46843,"minecraft:damage_taken":1749,"minecraft:deaths":2,"minecraft:damage_blocked_by_shield":5495,"minecraft:sneak_time":2131,"minecraft:walk_under_water_one_cm":13844,"minecraft:mob_kills":14,"minecraft:drop":1,"minecraft:jump":212,"minecraft:damage_dealt":9264,"minecraft:time_since_death":2414,"minecraft:walk_on_water_one_cm":969,"minecraft:total_world_time":27589,"minecraft:swim_one_cm":1218,"minecraft:fall_one_cm":4456,"minecraft:fly_one_cm":123816},"minecraft:used":{"illageandspillage:freakager_spawn_egg":1,"illageandspillage:illashooter_spawn_egg":1,"minecraft:golden_apple":12,"minecraft:dirt":16,"minecraft:diamond_sword":200,"minecraft:iron_bars":349,"minecraft:sand":3,"minecraft:cobblestone":75,"illageandspillage:ragno_spawn_egg":1,"minecraft:grass_block":252,"minecraft:shield":141,"minecraft:smooth_stone":268,"illageandspillage:magispeller_spawn_egg":1,"illageandspillage:spellbound_book":1},"minecraft:dropped":{"minecraft:shield":1}},"DataVersion":3465}