{"stats":{"minecraft:broken":{"minecraft:shield":1},"minecraft:killed":{"illageandspillage:ragno":1,"illageandspillage:freakager":1,"illageandspillage:illashooter":1},"minecraft:killed_by":{"illageandspillage:igniter":1},"minecraft:picked_up":{"illageandspillage:spellbound_book":1},"minecraft:custom":{"minecraft:damage_absorbed":123,"minecraft:time_since_rest":13493,"minecraft:crouch_one_cm":4341,"minecraft:play_time":15589,"minecraft:sprint_one_cm":10462,"minecraft:walk_one_cm":29417,"minecraft:damage_taken":930,"minecraft:deaths":1,"minecraft:damage_blocked_by_shield":3345,"minecraft:sneak_time":1237,"minecraft:walk_under_water_one_cm":8890,"minecraft:mob_kills":3,"minecraft:jump":132,"minecraft:damage_dealt":3534,"minecraft:time_since_death":13468,"minecraft:walk_on_water_one_cm":693,"minecraft:total_world_time":15589,"minecraft:swim_one_cm":1218,"minecraft:fall_one_cm":3006,"minecraft:fly_one_cm":61793},"minecraft:used":{"illageandspillage:freakager_spawn_egg":1,"illageandspillage:illashooter_spawn_egg":1,"minecraft:golden_apple":6,"minecraft:dirt":16,"minecraft:diamond_sword":90,"minecraft:iron_bars":215,"minecraft:sand":3,"minecraft:cobblestone":21,"minecraft:grass_block":249,"minecraft:shield":76,"minecraft:smooth_stone":70,"illageandspillage:magispeller_spawn_egg":1,"illageandspillage:spellbound_book":1}},"DataVersion":3465}