{"stats":{"minecraft:broken":{"minecraft:shield":1},"minecraft:killed":{"illageandspillage:ragno":2,"illageandspillage:freakager":1,"illageandspillage:magispeller":1,"illageandspillage:illashooter":9,"illageandspillage:absorber":1,"minecraft:vindicator":1,"illageandspillage:dispenser":1,"illageandspillage:crocofang":1,"illageandspillage:igniter":1},"minecraft:killed_by":{"illageandspillage:magispeller":1,"illageandspillage:igniter":1},"minecraft:picked_up":{"minecraft:shield":1,"illageandspillage:bag_of_horrors":1,"illageandspillage:spellbound_book":1,"illageandspillage:totem_of_banishment":1,"illageandspillage:freaky_disc":1},"minecraft:custom":{"minecraft:time_since_rest":14445,"minecraft:sprint_one_cm":34522,"minecraft:damage_taken":3543,"minecraft:walk_one_cm":69967,"minecraft:damage_absorbed":1111,"minecraft:damage_blocked_by_shield":5900,"minecraft:mob_kills":20,"minecraft:drop":1,"minecraft:damage_dealt":12715,"minecraft:swim_one_cm":4184,"minecraft:fly_one_cm":173565,"minecraft:crouch_one_cm":9387,"minecraft:play_time":39589,"minecraft:deaths":2,"minecraft:sneak_time":3627,"minecraft:walk_under_water_one_cm":26351,"minecraft:jump":407,"minecraft:walk_on_water_one_cm":11102,"minecraft:time_since_death":14414,"minecraft:total_world_time":39589,"minecraft:fall_one_cm":21978},"minecraft:used":{"illageandspillage:twittollager_spawn_egg":1,"illageandspillage:freakager_spawn_egg":1,"illageandspillage:illashooter_spawn_egg":1,"minecraft:water_bucket":19,"illageandspillage:absorber_spawn_egg":1,"minecraft:iron_bars":349,"illageandspillage:ragno_spawn_egg":2,"minecraft:grass_block":252,"minecraft:shield":149,"illageandspillage:spellbound_book":1,"illageandspillage:igniter_spawn_egg":1,"illageandspillage:crocofang_spawn_egg":1,"minecraft:golden_apple":33,"minecraft:diamond_sword":352,"minecraft:sand":3,"minecraft:dirt":16,"minecraft:cobblestone":86,"minecraft:bucket":19,"minecraft:smooth_stone":268,"illageandspillage:magispeller_spawn_egg":1},"minecraft:dropped":{"minecraft:shield":1}},"DataVersion":3465}